shippingDate,title,company,salary,province,workingHours,typeOfCooperation,facility,tagList
2025-04-28,متخصص هوش مصنوعی,پویش تصویر گیتی,30 - 45 میلیون تومان,تهران ، ونک,شنبه تا چهارشنبه 8 تا 17,تمام وقت یا پاره وقت,امکان دورکاری,"['کارشناسی\n|\nکامپیوتر / فناوری اطلاعات', 'کارشناسی ارشد\n|\nمهندسی برق', 'کارشناسی ارشد\n|\nمهندسی پزشکی', 'انگلیسی\n|\nبالاتر از متوسط ۷۰٪', 'Python\n|\nمتوسط', 'OpenCV\n|\nمقدماتی', 'ARCGIS\n|\nمقدماتی']"
2025-04-06,کارشناس ارشد هوش مصنوعی,شرکت راهکارهای فناوری اطلاعات آوینا,25 - 35 میلیون تومان,پردیس,شنبه تا چهارشنبه 8 تا 5 و پنجشنبه ها تا ساعت 12,تمام وقت,"امکان دورکاری
امکان جذب کارآموز","['کارشناسی\n|\nکامپیوتر / فناوری اطلاعات', 'Python\n|\nمتوسط']"
2025-05-04,برنامه‌نویس هوش مصنوعی (AI Developer),آکادمی همراه,an argumant,تهران ، ونک,شنبه تا چهارشنبه 8 الی 17,تمام وقت,,"['انگلیسی\n|\nمتوسط ۵۰٪', 'Node.js\n|\nمقدماتی', 'TypeScript\n|\nمقدماتی', 'Python\n|\nمتوسط']"
2025-04-21,متخصص داده‌ کاوی,پیشتازان دانش و صنعت زنده رود,20 - 30 میلیون تومان,اصفهان ، صفه,شنبه تا پنج شنبه از ساعت 9 تا 17,قراردادی / پروژه ای,امکان دورکاری,"['کارشناسی\n|\nمهندسی صنایع', 'کارشناسی\n|\nریاضی و آمار', 'کارشناسی\n|\nکامپیوتر / فناوری اطلاعات', 'Python\n|\nمتوسط', 'R\n|\nمتوسط', 'Sql Server\n|\nمقدماتی', 'MongoDB\n|\nمقدماتی', 'PowerBI\n|\nمتوسط', 'Tableau\n|\nمتوسط']"
2025-05-02,کارشناس ارشد هوش مصنوعی,دیبا پارسیان,35 - 45 میلیون تومان,تهران ، جردن,شنبه تا چهارشنبه از ساعت 8 صبح تا ساعت 17 عصر,تمام وقت,,"['دکترا\n|\nکامپیوتر / فناوری اطلاعات', 'انگلیسی\n|\nبالاتر از متوسط ۷۰٪', 'Python\n|\nپیشرفته', 'GIT\n|\nپیشرفته', 'Rest API\n|\nمتوسط', 'Kafka\n|\nمتوسط', 'Keras\n|\nپیشرفته', 'Scala\n|\nمتوسط', 'Docker\n|\nمقدماتی']"
2025-04-26,AI Engineer,هونام پرتو اندیشان ماز,an argumant,تهران ، امیرآباد,"Working hours are from Saturday to Wednesday, 9 AM to 5 PM (remote work).",Full Time,امکان دورکاری,"['Bachelor\n|\nComputer and IT', 'English\n|\nUpper Intermediate 70%', 'Rest API\n|\nAdvanced', 'Docker\n|\nAdvanced', 'Kubernetes\n|\nAdvanced', 'Python\n|\nIntermediate']"
2025-05-04,مشاور مدیرعامل (در حوزه هوش مصنوعی),هلدینگ پارسیان داده اترک,an argumant,تهران ، دروس,شنبه تا چهارشنبه از ساعت 8:00الی 16:30,پاره وقت,پاره وقت,"['دکترا\n|\nکامپیوتر / فناوری اطلاعات', 'انگلیسی\n|\nپیشرفته ۹۰٪']"
2025-04-29,مهندس داده,کارگزاری مفید,an argumant,تهران ، جردن,شنبه تا چهارشنبه ساعت 16:30 - 07:30,تمام وقت,,"['Kafka\n|\nمتوسط', 'Python\n|\nمتوسط', 'Docker\n|\nمتوسط']"
2025-04-27,کارشناس آموزش (هوش مصنوعی و مخابرات),آکادمی همراه,an argumant,تهران ، ونک,شنبه تا چهارشنبه 8 الی 17,تمام وقت,,['کارشناسی ارشد\n|\nکامپیوتر / فناوری اطلاعات']
2025-04-14,کارآموز هوش مصنوعی (AI Intern),روشن,an argumant,تهران ، میدان ولیعصر,شنبه تا چهارشنبه 9 تا 17,تمام وقت,"امکان دورکاری
امکان جذب کارآموز",['Python\n|\nمقدماتی']
2025-05-02,مهندس داده,دیبا پارسیان,35 - 45 میلیون تومان,تهران ، جردن,شنبه تا چهارشنبه از ساعت 8 صبح الی 17 عصر,تمام وقت,,"['کارشناسی ارشد\n|\nکامپیوتر / فناوری اطلاعات', 'انگلیسی\n|\nبالاتر از متوسط ۷۰٪', 'Python\n|\nمتوسط', 'GIT\n|\nمتوسط', 'Rest API\n|\nمتوسط', 'Kafka\n|\nپیشرفته', 'Sql Server\n|\nپیشرفته', 'MongoDB\n|\nمتوسط', 'Cassandra\n|\nمتوسط']"
2025-04-30,متخصص هوش مصنوعی,موسسه زبان ایران کانادا,30 - 40 میلیون تومان,تهران ، یوسف اباد,توافقی,قراردادی / پروژه ای,,"['Flutter\n|\nمتوسط', 'React Native\n|\nمتوسط', 'Python\n|\nمقدماتی', 'Node.js\n|\nمقدماتی']"
2025-04-12,مهندس ارشد هوش مصنوعی,نوآوران داده سلامت پیشرو,50 - 70 میلیون تومان,تهران ، گاندی,شنبه تا چهارشنبه 8:30 الی 17:30,تمام وقت یا پاره وقت,,"['کارشناسی ارشد\n|\nکامپیوتر / فناوری اطلاعات', 'انگلیسی\n|\nپیشرفته ۹۰٪', 'Python\n|\nپیشرفته']"
2025-04-06,متخصص هوش مصنوعی,بیمه دات کام,an argumant,تهران ، شهرک غرب (شهرک قدس),شنبه تا چهارشنبه 8 تا 17 (یک ساعت شناوری),تمام وقت,امکان دورکاری,[]
2025-04-05,دستیار هوش مصنوعی,مهندسی بنا برج ظفر,30 - 40 میلیون تومان,تهران ، پاسداران,8:30 تا 16:30,تمام وقت یا پاره وقت,,"['Python\n|\nمتوسط', 'JavaScript\n|\nمتوسط']"
2025-04-29,مهندس هوش مصنوعی,گروه ایبکو,an argumant,کرمان,شنبه تا پنجشنبه,تمام وقت,,"['کارشناسی\n|\nکامپیوتر / فناوری اطلاعات', 'Python\n|\nپیشرفته', 'OpenCV\n|\nمقدماتی', 'RabbitMQ\n|\nمقدماتی', 'GIT\n|\nمتوسط']"
2025-04-26,Data Engineer,روماک,an argumant,تهران ، ونک,شنبه تا چهارشنبه ساعت :08:00تا16:30 پنج شنبه :08:00تا13:00,تمام وقت,,"['کارشناسی ارشد\n|\nکامپیوتر / فناوری اطلاعات', 'انگلیسی\n|\nبالاتر از متوسط ۷۰٪', 'MongoDB\n|\nمتوسط', 'Python\n|\nپیشرفته', 'Rest API\n|\nپیشرفته', 'Selenium\n|\nمتوسط', 'Kafka\n|\nمتوسط', 'Elastic Search\n|\nمتوسط', 'Docker\n|\nمتوسط', 'Hadoop\n|\nمتوسط', 'Spark\n|\nمتوسط', 'Microsoft Azure Devops / TFS\n|\nمقدماتی', 'MySql\n|\nمقدماتی', 'Redis\n|\nمقدماتی', 'Sql Server\n|\nمقدماتی', 'GIT\n|\nمقدماتی']"
2025-04-16,متخصص هوش مصنوعی,توسعه پیشگامان امن,35 - 50 میلیون تومان,تهران ، عباس آباد (بهشتی),شنبه تا چهارشنبه,تمام وقت,,"['کارشناسی ارشد\n|\nکامپیوتر / فناوری اطلاعات', 'انگلیسی\n|\nمتوسط ۵۰٪', 'Python\n|\nپیشرفته', 'GIT\n|\nمتوسط', 'Rest API\n|\nمتوسط', 'Unit Testing\n|\nمتوسط', 'Dependency Injection\n|\nمتوسط', 'Keras\n|\nمتوسط', 'Docker\n|\nمتوسط']"
2025-04-26,AI Software Engineer,صنایع تولیدی کروز,an argumant,تهران ، جاده مخصوص,Saturday to Wednesday 7:00 - 16:00 (Floating Time: 2 Hours),Full Time,,"['Bachelor\n|\nElectrical Engineering', 'Bachelor\n|\nComputer and IT', 'English\n|\nIntermediate - 50%', 'C++\n|\nIntermediate', 'GIT\n|\nBasic', 'MATLAB\n|\nIntermediate', 'Python\n|\nAdvanced']"
2025-04-28,مهندس داده,وصال گشت رُهام,an argumant,تهران ، فلسطین,شنبه تا چهارشنبه 8:15 تا 17:00,تمام وقت,,"['کارشناسی\n|\nکامپیوتر / فناوری اطلاعات', 'کارشناسی\n|\nریاضی و آمار', 'انگلیسی\n|\nمتوسط ۵۰٪', 'SQL/DS\n|\nمتوسط', 'Hadoop\n|\nمتوسط', 'Kafka\n|\nمتوسط', 'Python\n|\nمتوسط', 'Java\n|\nمتوسط', 'Sql Server\n|\nمتوسط']"
2025-05-04,کارشناس تحلیل گر کسب و کار,دیویدجونز,25 - 35 میلیون تومان,تهران ، مرزداران,شنبه الی چهارشنبه 8 الی 17,تمام وقت,,"['کارشناسی\n|\nکامپیوتر / فناوری اطلاعات', 'کارشناسی\n|\nمهندسی صنایع', 'کارشناسی\n|\nمدیریت / بازرگانی / کسب و کار', 'انگلیسی\n|\nبالاتر از متوسط ۷۰٪', 'PowerBI\n|\nپیشرفته', 'Microsoft Excel\n|\nپیشرفته']"
2025-04-05,کارآموز مدلسازی ریاضی و تحلیل داده,توسعه و بازآفرینی پایدار ایرانیان,14 - 20 میلیون تومان,تهران ، شریعتی,8تا16 -شنبه تا چهارشنبه,تمام وقت یا پاره وقت,"امکان دورکاری
امکان جذب کارآموز","['کارشناسی\n|\nریاضی و آمار', 'Microsoft Excel\n|\nمتوسط', 'Python\n|\nمقدماتی', 'MySql\n|\nمقدماتی']"
2025-04-29,متخصص داده,کارگزاری مفید,an argumant,تهران ، جردن,شنبه تا چهارشنبه ساعت 16:30 - 07:30,تمام وقت,,['Oracle NoSQL\n|\nمتوسط']
2025-04-17,Senior Data Analyst,تپسی,an argumant,تهران ، سعادت آباد,Saturday to Wednesday,Full Time,,"['Bachelor\n|\nComputer and IT', 'Bachelor\n|\nMath / Statistics', 'Sql Server\n|\nIntermediate', 'Python\n|\nIntermediate', 'PowerBI\n|\nIntermediate']"
2025-04-29,کارشناس هوش مصنوعی - آقا,شرکت صنایع قهوه پارت سازان (مولتی کافه),30 - 35 میلیون تومان,مشهد,شنبه تا پنج شنبه,تمام وقت,,"['کارشناسی\n|\nکامپیوتر / فناوری اطلاعات', 'انگلیسی\n|\nمقدماتی ۱۰٪', 'Python\n|\nمقدماتی', 'Django\n|\nمقدماتی']"
2025-04-29,کارشناس علم داده,شرکت خدمات مهندسی بهینه کاوان کیفیت,15 - 20 میلیون تومان,تهران ، سردار جنگل,شنبه تا چهارشنبه 8تا 16:30,تمام وقت,,"['کارشناسی\n|\nریاضی و آمار', 'کارشناسی\n|\nکامپیوتر / فناوری اطلاعات', 'انگلیسی\n|\nمتوسط ۵۰٪', 'Sql Server\n|\nمتوسط', 'Python\n|\nپیشرفته', 'Microsoft Excel\n|\nپیشرفته', 'Microsoft Word\n|\nمتوسط']"
2025-04-29,Data Scientist,گروه حمل و نقل بین المللی ادمیرال,an argumant,تهران ، آرژانتین,Sunday to Thursday 8:30 - 17:15,Full Time,,"['Bachelor\n|\nComputer and IT', 'Bachelor\n|\nMath / Statistics', 'English\n|\nAdvanced 90%', 'Python\n|\nIntermediate']"
2025-04-13,کارشناس BI,شرکت مهندسی دامون,25 - 30 میلیون تومان,تهران ، ایرانشهر,شنبه تا چهارشنبه - 8:00 الی 17:00,تمام وقت,,"['کارشناسی\n|\nکامپیوتر / فناوری اطلاعات', 'کارشناسی\n|\nمدیریت / بازرگانی / کسب و کار', 'کارشناسی\n|\nریاضی و آمار', 'کارشناسی\n|\nمهندسی صنایع', 'PowerBI\n|\nپیشرفته', 'Microsoft Excel\n|\nپیشرفته', 'Python\n|\nمقدماتی', 'JavaScript\n|\nمقدماتی', 'PL-SQL\n|\nمتوسط', 'Tableau\n|\nمتوسط']"
2025-05-04,مهندس هوش مصنوعی (AI Engineer),نیلاسافت,an argumant,رشت,شنبه تا چهارشنبه از 9 تا 17 و پنج شنبه از 9 تا 14,تمام وقت,امکان دورکاری,"['کارشناسی\n|\nکامپیوتر / فناوری اطلاعات', 'انگلیسی\n|\nپیشرفته ۹۰٪', 'Python\n|\nپیشرفته', 'Docker\n|\nمتوسط', 'Spark\n|\nمقدماتی', 'Kubernetes\n|\nمتوسط', 'Hadoop\n|\nمتوسط']"
2025-04-29,جنریت آرتیست (تولید محتوای تصویری با هوش مصنوعی),شرکت توسعه خلاقیت رستار,an argumant,تهران ، ولنجک,شنبه تا چهارشنبه، 9 صبح تا 18 عصر,تمام وقت یا پاره وقت,,[]
2025-04-26,کارشناس برنامه ریزی و تحلیل داده,بانک خاورمیانه,an argumant,تهران ، آرژانتین,تمام وقت,تمام وقت,,"['PowerBI\n|\nپیشرفته', 'Microsoft Project\n|\nمقدماتی']"
2025-04-29,Associate Data Scientist,گروه حمل و نقل بین المللی ادمیرال,an argumant,تهران ، آرژانتین,Sunday to Thursday 8:30 - 17:15,Full Time,,"['Bachelor\n|\nComputer and IT', 'Bachelor\n|\nMath / Statistics', 'English\n|\nAdvanced 90%', 'Python\n|\nIntermediate']"
2025-05-04,توسعه‌دهنده هوش مصنوعی,یکتا ای آی,an argumant,مشهد,شنبه تا چهار شنبه 16 تا 19,قراردادی / پروژه ای,امکان دورکاری,"['کاردانی\n|\nکامپیوتر / فناوری اطلاعات', 'Python\n|\nپیشرفته', 'JavaScript\n|\nمتوسط', 'Node.js\n|\nمتوسط', 'PHP\n|\nمتوسط', 'Rest API\n|\nپیشرفته']"
2025-04-05,برنامه‌نویس پایتون (تخصص هوش مصنوعی),مجموعه فورسین,20 - 25 میلیون تومان,تهران ، پاسداران,َشنبه تا چهار شنبه 9 صبح تا 5 بعد از ظهر و پنج شنبه ها 9 تا 2,تمام وقت,,"['کارشناسی\n|\nکامپیوتر / فناوری اطلاعات', 'انگلیسی\n|\nپیشرفته ۹۰٪', 'Python\n|\nپیشرفته', 'OpenCV\n|\nپیشرفته', 'GIT\n|\nمتوسط', 'Keras\n|\nمتوسط', 'Django\n|\nمتوسط']"
2025-04-26,کارشناس هوش مصنوعی (حضوری),شرکت نو اندیشان طب گستر آسیا,15 - 20 میلیون تومان,تهران ، جردن,-,قراردادی / پروژه ای,,"['Microsoft Access\n|\nمتوسط', 'Microsoft Word\n|\nمتوسط', 'Microsoft Powerpoint\n|\nمتوسط', 'Microsoft Visio\n|\nمتوسط', 'Microsoft Excel\n|\nمتوسط', 'Microsoft Outlook\n|\nمتوسط', 'MathType\n|\nمتوسط']"
2025-04-26,کارشناس یادگیری ماشین (machine learning),ارتباطات سیار ایران - همراه اول,an argumant,تهران ، سعادت آباد,شنبه تا چهارشنبه 7 تا 15:50 (2 ساعت شناوری),تمام وقت,,"['کارشناسی\n|\nمهندسی صنایع', 'کارشناسی\n|\nکامپیوتر / فناوری اطلاعات', 'Python\n|\nمتوسط', 'T-Sql\n|\nمقدماتی', 'Docker\n|\nمقدماتی', 'GIT\n|\nمقدماتی']"
2025-03-13,کارشناس هوش مصنوعی,زاریس خودرو,22 - 30 میلیون تومان,تهران ، سعادت آباد,شنبه تا پنجشنبه,تمام وقت,"امکان دورکاری
امکان جذب کارآموز","['Python\n|\nپیشرفته', 'Sql Server\n|\nمتوسط']"
2025-04-29,Senior Data Scientist,گروه حمل و نقل بین المللی ادمیرال,an argumant,تهران ، آرژانتین,Sunday to Thursday 8:30 - 17:15,Full Time,,"['Bachelor\n|\nComputer and IT', 'Bachelor\n|\nMath / Statistics', 'English\n|\nAdvanced 90%', 'Python\n|\nAdvanced']"
2025-04-20,متخصص هوش مصنوعی,کارنونیک,20 - 25 میلیون تومان,پردیس,شنبه تا چهارشنبه 8الی 17,قراردادی / پروژه ای,امکان دورکاری,[]
2025-05-02,کارشناس علوم داده,شرکت مشاوره رتبه بندی اعتباری ایران,an argumant,تهران ، آرژانتین,شنبه تا چهارشنبه از ساعت 8 الی17 از ساعت 7 الی 9 شناور,تمام وقت,,['Python\n|\nپیشرفته']
2025-04-15,Data Analyst,بیمه بازار,an argumant,تهران ، شیخ بهایی,شنبه تا چهارشنبه ساعت 9 تا 18,تمام وقت,,['Sql Server\n|\nمتوسط']
2025-04-30,کارشناس تحلیلگر کوانت,شرکت کارگزاری آگاه,an argumant,تهران ، ظفر,شنبه تا چهارشنبه 7 الی 16 با یک ساعت شناوری,تمام وقت,,"['کارشناسی\n|\nریاضی و آمار', 'کارشناسی\n|\nمالی و حسابداری', 'کارشناسی\n|\nکامپیوتر / فناوری اطلاعات', 'انگلیسی\n|\nبالاتر از متوسط ۷۰٪']"
2025-04-08,کارشناس هوش مصنوعی,صنایع نساجی تارا ریس آریا,an argumant,تهران ، کاووسیه,شنبه تا چهارشنبه 07:30تا 15:45، پنج شنبه 08:00 تا 12:00,تمام وقت,,"['کارشناسی\n|\nکامپیوتر / فناوری اطلاعات', 'کارشناسی\n|\nمهندسی برق', 'کارشناسی\n|\nریاضی و آمار', 'Python\n|\nمتوسط']"
2025-04-30,کارشناس هوش مصنوعی - آقا,تولید سازه های آلومینیومی ایران,25 - 30 میلیون تومان,کاشان,شنبه تا چهارشنبه 7 الی 15:15 (در ادامه اضافه کاری محاسبه می گردد) - پنجشنبه تعطیل (در صورت نیاز به حضور اضافه کاری),تمام وقت,,"['کارشناسی ارشد\n|\nکامپیوتر / فناوری اطلاعات', 'انگلیسی\n|\nپایین تر از متوسط ۳۰٪', 'C#\n|\nمقدماتی', 'ASP.Net\n|\nمقدماتی', 'MySql\n|\nمقدماتی']"
2025-04-16,متخصص هوش مصنوعی,دانش بنیان پافکو (پژوهش افزار فردا),an argumant,تهران ، باغ صبا - سهروردی,شنبه تا چهارشنبه 7:45 تا 16:15 (با 45 دقیقه شناوری) - در صورت نیاز شیفتی اضافه کار,تمام وقت یا پاره وقت,,"['کارشناسی\n|\nکامپیوتر / فناوری اطلاعات', 'MongoDB\n|\nمتوسط', 'Python\n|\nمتوسط']"
2025-04-08,Big Data Engineer ( مهندس داده),شرکت فرابورس ایران,50 - 69 میلیون تومان,تهران ، آرژانتین,شنبه تا چهارشنبه 8 تا 16,تمام وقت,,"['کارشناسی\n|\nکامپیوتر / فناوری اطلاعات', 'Python\n|\nمتوسط', 'MongoDB\n|\nمقدماتی', 'Oracle NoSQL\n|\nمقدماتی', 'Sql Server\n|\nمقدماتی']"
2025-05-04,مهندس هوش مصنوعی (NLP),شرکت مهندسی شبکه گستران آریاسامانه - نواتل,an argumant,تهران ، شریعتی,شنبه تا چهارشنبه 9 الی 18,تمام وقت,,"['کارشناسی\n|\nکامپیوتر / فناوری اطلاعات', 'کارشناسی\n|\nمهندسی برق', 'کارشناسی\n|\nریاضی و آمار', 'Sql Server\n|\nمتوسط', 'Python\n|\nمتوسط']"
2025-04-28,کارشناس هوش مصنوعی,هلدینگ فناوری نوآوری آراد,an argumant,تهران ، شهرک آزادی,شنبه تا چهارشنبه 8 الی 17,تمام وقت,,"['کارشناسی\n|\nکامپیوتر / فناوری اطلاعات', 'انگلیسی\n|\nبالاتر از متوسط ۷۰٪', 'Python\n|\nمتوسط', 'GIT\n|\nمتوسط']"
2025-04-26,Data Analyst,اسنپ,an argumant,تهران ، زعفرانیه,Saturday - Wednesday,Full Time,,"['Bachelor\n|\nComputer and IT', 'Microsoft Excel\n|\nAdvanced', 'SQL/DS\n|\nIntermediate']"
2025-04-27,پژوهشگر هوش مصنوعی,همایش گستر ایده بارسا,an argumant,تهران ، تجریش,شنبه تا چهارشنبه,تمام وقت,,['انگلیسی\n|\nپیشرفته ۹۰٪']
2025-04-25,مدیر محصول هوش مصنوعی,شرکت داده و اعتبار سنجی تجارت ایرانیان (داتا),an argumant,تهران ، آرژانتین,شنبه تا چهارشنبه ساعت 8 تا 17,تمام وقت,,[]
2025-04-22,کارشناس هوش مصنوعی,پایور آسانبر مبتکران صنعت,an argumant,اهواز ، کیان پارس,شنبه تا چهارشنبه 8 الی 17 - پنجشنبه 8 الی 12,تمام وقت یا پاره وقت,,"['Microsoft Excel\n|\nپیشرفته', 'Python\n|\nمتوسط', 'Microsoft Word\n|\nمتوسط', 'Microsoft ERP\n|\nمتوسط', 'Odoo ERP\n|\nمتوسط', 'JavaScript\n|\nمتوسط']"
2025-04-19,کارشناس هوش مصنوعی,بهسازان ملت,an argumant,تهران ، پاسداران,شنبه تا چهارشنبه,تمام وقت,,[]
2025-05-04,Data Analyst,آسان پرداخت,an argumant,تهران ، امانیه,Saturday to Wednesday (07:00-16:00 / 08:00-17:30),Full Time,,"['Bachelor\n|\nMath / Statistics', 'Bachelor\n|\nComputer and IT', 'Python\n|\nIntermediate']"
2025-04-26,سرپرست تحلیل داده,مرکز پرستاری,an argumant,تهران ، سعادت آباد,شنبه تا چهارشنبه از ساعت 8:00 الی 16:50 یا ساعت 09:00 الی 17:50,تمام وقت,,"['Microsoft Excel\n|\nپیشرفته', 'Sql Server\n|\nپیشرفته', 'Google Analytics\n|\nپیشرفته', 'Tableau\n|\nپیشرفته', 'PowerBI\n|\nپیشرفته']"
2025-04-22,توسعه دهنده هوش مصنوعی,داده کاوان توسن,an argumant,تهران ، جردن,شنبه تا چهارشنبه 8-16:30,تمام وقت,,"['کارشناسی\n|\nکامپیوتر / فناوری اطلاعات', 'انگلیسی\n|\nمتوسط ۵۰٪', 'Python\n|\nمتوسط', 'Oracle Database\n|\nمتوسط', 'Linux\n|\nمتوسط', 'GIT\n|\nمتوسط']"
2025-04-16,کارشناس هوش مصنوعی LLM,هلدینگ بین المللی آرکارو,an argumant,کرج ، گلشهر,شنبه تا چهارشنبه تمام وقت 8 الی 17 - پنج شنبه 8 الی 13,تمام وقت,,"['Python\n|\nپیشرفته', 'JavaScript\n|\nمتوسط', 'Html & CSS\n|\nمتوسط', 'GIT\n|\nمتوسط', 'Django\n|\nپیشرفته', 'Rest API\n|\nپیشرفته', 'Keras\n|\nمتوسط']"
2025-04-17,Data Engineer,پارس تصمیم,35 - 50 میلیون تومان,تهران ، سیدخندان,شنبه تا چهارشنبه 8 تا 17,تمام وقت,,"['انگلیسی\n|\nپیشرفته ۹۰٪', 'Python\n|\nمتوسط', 'Sql Server\n|\nمتوسط', 'Linux\n|\nمتوسط']"
2025-04-28,توسعه‌دهنده هوش مصنوعی,دکتر مد مدیکال تکنولوژی,an argumant,ترکیه,منعطف در طول هفته,قراردادی / پروژه ای,امکان دورکاری,"['Django\n|\nمتوسط', 'Sql Server\n|\nمتوسط', 'Python\n|\nمتوسط']"
2025-05-04,کارشناس هوش مصنوعی,رستافن ارتباط,an argumant,مشهد,شنبه تا چهارشنبه 8 الی 17,تمام وقت,,[]
2025-04-12,متخصص هوش مصنوعی,آریا هوشمند آیتک,17 - 25 میلیون تومان,اصفهان,در صورت کار به طور تمام وقت ساعت کاری از 8 صبح الی 15:30,تمام وقت,,"['کارشناسی\n|\nکامپیوتر / فناوری اطلاعات', 'کارشناسی\n|\nمهندسی صنایع', 'انگلیسی\n|\nمتوسط ۵۰٪', 'R\n|\nمقدماتی', 'Minitab\n|\nمقدماتی', 'MAPLE\n|\nمقدماتی', 'Sql Server\n|\nمقدماتی', 'PowerBI\n|\nمقدماتی', 'Tableau\n|\nمقدماتی', 'MapReduce\n|\nمقدماتی', 'C++\n|\nمقدماتی', 'Python\n|\nمقدماتی']"
2025-05-04,کارشناس جمع آوری داده و محتوای سایت,داده نگار,20 - 25 میلیون تومان,تهران ، پاسداران,شنبه تا چهارشنبه,تمام وقت,,['Wordpress\n|\nمتوسط']
2025-04-28,مهندس داده,داده کاوان توسن,an argumant,تهران ، جردن,شنبه الی چهارشنبه 8 الی 16:30 (شناوری) امکان دورکاری کامل وجود دارد.,تمام وقت,,"['کارشناسی\n|\nکامپیوتر / فناوری اطلاعات', 'انگلیسی\n|\nبالاتر از متوسط ۷۰٪', 'Sql Server\n|\nپیشرفته', 'MySql\n|\nمتوسط', 'T-Sql\n|\nمتوسط', 'PL-SQL\n|\nمتوسط', 'Oracle NoSQL\n|\nمتوسط', 'Oracle Database\n|\nپیشرفته', 'PostgreSql\n|\nمتوسط']"
2025-04-14,کارشناس هوش مصنوعی,پیشرو صنعت آسمان عمار,20 - 30 میلیون تومان,تهران ، آزادی,شنبه تا چهارشنبه 8 تا 17 پنجشنبه 8 تا 13,تمام وقت,,"['کارشناسی\n|\nکامپیوتر / فناوری اطلاعات', 'کارشناسی\n|\nمهندسی برق', 'انگلیسی\n|\nبالاتر از متوسط ۷۰٪', 'Python\n|\nپیشرفته', 'GIT\n|\nمتوسط', 'C++\n|\nمتوسط', 'Keras\n|\nمقدماتی', 'OpenCV\n|\nپیشرفته']"
2025-04-08,برنامه نویس هوش مصنوعی (Ai),بهزادایکام,15 - 20 میلیون تومان,گرگان,شنبه تا پنج شنبه 8 تا 16,تمام وقت,,"['کارشناسی\n|\nکامپیوتر / فناوری اطلاعات', 'Python\n|\nپیشرفته']"
2025-04-12,کارشناس هوش مصنوعی,تجارت الکترونیک و فناوری اطلاعات ملل,15 - 20 میلیون تومان,تهران ، شهرک والفجر,شنبه تا چهارشنبه 07:10 الی 16:00,تمام وقت,,"['کارشناسی\n|\nکامپیوتر / فناوری اطلاعات', 'انگلیسی\n|\nپیشرفته ۹۰٪', 'Rest API\n|\nپیشرفته']"
2025-04-09,توسعه‌دهنده‌ی ارشد هوش مصنوعی,استودیو زیرزمین,an argumant,تهران ، ولنجک,شنبه تا جهارشنبه ساعت 9 الی 18,تمام وقت,,[]
2025-04-26,کارشناس ارشد هوش تجاری,گروه کوبل,an argumant,تهران ، آرژانتین,شنبه تا چهارشنبه,تمام وقت,,"['PowerBI\n|\nپیشرفته', 'Sql Server\n|\nپیشرفته', 'SSIS\n|\nمتوسط', 'SSAS\n|\nمتوسط', 'SSRS\n|\nمقدماتی']"
2025-04-21,Senior Data Engineer,اُکالا,50 - 70 میلیون تومان,تهران ، آرژانتین,Saturday to Wednesday,Full Time,,[]
2025-05-04,AI Developer,فناوری اطلاعات و ارتباطات مُهَیمن,an argumant,تهران ، عباس آباد (بهشتی),,تمام وقت,,"['GIT\n|\nمتوسط', 'Python\n|\nمتوسط', 'Rest API\n|\nمتوسط', 'Docker\n|\nمقدماتی']"
2025-04-29,کارشناس توسعه هوش تجاری (BI),کارگزاری مفید,an argumant,تهران ، جردن,شنبه تا چهارشنبه ساعت 16:30 - 07:30,تمام وقت,,"['Python\n|\nمتوسط', 'Sql Server\n|\nمتوسط']"
2025-04-27,متخصص DevOps,مرکز نوآوری هوش مصنوعی اسمارتک,20 - 30 میلیون تومان,اصفهان,منعطف حداقل 4 روز کار حضوری,تمام وقت یا پاره وقت,,"['Docker\n|\nپیشرفته', 'Kubernetes\n|\nمتوسط', 'Prometheus\n|\nمتوسط', 'Gerafana\n|\nمتوسط', 'Kafka\n|\nمتوسط', 'RabbitMQ\n|\nمتوسط', 'Linux\n|\nپیشرفته']"
2025-04-29,Power BI Developer,گروه حمل و نقل بین المللی ادمیرال,an argumant,تهران ، آرژانتین,Sunday to Thursday 7:30 - 16:15,Full Time,,"['Bachelor\n|\nComputer and IT', 'Bachelor\n|\nMath / Statistics', 'English\n|\nAdvanced 90%', 'PowerBI\n|\nAdvanced', 'Sql Server\n|\nIntermediate']"
2025-04-12,برنامه‌نویس هوش مصنوعی (پردازش سیگنال‌های صوتی),شرکت بهین برازش رایان پویش,15 - 20 میلیون تومان,مشهد ، محله کوثر,شنبه تا پنجشنبه 9 تا 17,قراردادی / پروژه ای,,"['کارشناسی\n|\nکامپیوتر / فناوری اطلاعات', 'Python\n|\nمتوسط', 'C#\n|\nمتوسط', 'GIT\n|\nمقدماتی']"
2025-04-23,تحلیلگر داده تجاری (Business Data Analyst),گروه صنعتی جهان صادرات,an argumant,تهران ، مطهری,شنبه تا چهارشنبه - پنجشنبه تعطیل,تمام وقت,,"['Microsoft Excel\n|\nپیشرفته', 'Sql Server\n|\nمقدماتی', 'Tableau\n|\nمقدماتی', 'PowerBI\n|\nمقدماتی']"
2025-04-20,Senior Data Engineer,اسنپ پی,an argumant,تهران ، جردن,شنبه تا چهارشنبه,Full Time,,"['Bachelor\n|\nComputer and IT', 'Python\n|\nIntermediate', 'Kafka\n|\nIntermediate', 'Docker\n|\nIntermediate', 'Sql Server\n|\nIntermediate']"
2025-04-05,کارشناس هوش مصنوعی,بیمه دات کام,an argumant,تهران ، شهرک غرب (شهرک قدس),شنبه تا چهارشنبه 8 تا 17 (یک ساعت شناوری),تمام وقت,,"['کارشناسی ارشد\n|\nمهندسی صنایع', 'کارشناسی ارشد\n|\nمهندسی برق', 'کارشناسی ارشد\n|\nکامپیوتر / فناوری اطلاعات', 'Python\n|\nمتوسط']"
2025-04-10,کارشناس هوش مصنوعی - آقا,شرکت تحقیق و توسعه افق,30 - 35 میلیون تومان,تهران ، چیتگر,شنبه تا پنجشنبه - صبح تا بعدظهر,تمام وقت,,"['انگلیسی\n|\nپیشرفته ۹۰٪', 'Python\n|\nمتوسط', 'MySql\n|\nمتوسط', 'PostgreSql\n|\nمتوسط', 'GIT\n|\nمتوسط']"
2025-04-07,متخصص هوش مصنوعی (پردازش تصویر),داده کاوان اندیشه برتر,30 - 45 میلیون تومان,تهران ، فاطمی,شنبه تا چهارشنبه از ساعت 8:30 تا 17:30- پنجشنبه تعطیل,تمام وقت یا پاره وقت,امکان دورکاری,"['کارشناسی\n|\nکامپیوتر / فناوری اطلاعات', 'کارشناسی ارشد\n|\nمهندسی مکانیک', 'کارشناسی ارشد\n|\nمهندسی برق', 'کارشناسی ارشد\n|\nمهندسی صنایع', 'انگلیسی\n|\nبالاتر از متوسط ۷۰٪', 'Python\n|\nپیشرفته', 'Gitlab\n|\nمتوسط', 'Docker\n|\nمقدماتی', 'OpenCV\n|\nمتوسط', 'Rest API\n|\nمقدماتی', 'GIT\n|\nمتوسط']"
2025-04-26,کارشناس سیستم اطلاعاتی,شرکت نیرپارس,25 - 30 میلیون تومان,تهران ، جردن,شنبه تا چهارشنبه ساعت 07:15 الی 16:00,تمام وقت,,"['کارشناسی\n|\nکامپیوتر / فناوری اطلاعات', 'کارشناسی\n|\nمهندسی صنایع', 'انگلیسی\n|\nمتوسط ۵۰٪', 'Oracle Database\n|\nمقدماتی']"
2025-04-14,برنامه‌نویس ارشد هوش مصنوعی (AI Developer) (پاره وقت بعدازظهر),دلتا,an argumant,تهران ، گاندی,شنبه تا پنجشنبه,پاره وقت,پاره وقت,[]
2025-04-14,کارشناس ارشد هوش مصنوعی,هلدینگ فناوری نوآوری آراد,an argumant,تهران ، شهرک آزادی,شنبه تا چهارشنبه 8 الی 17,تمام وقت,,"['کارشناسی ارشد\n|\nکامپیوتر / فناوری اطلاعات', 'Python\n|\nمتوسط', 'Keras\n|\nمتوسط', 'GIT\n|\nمتوسط', 'Linux\n|\nمقدماتی', 'Prometheus\n|\nمقدماتی', 'MongoDB\n|\nمتوسط']"
2025-04-23,کارشناس ارشد هوش مصنوعی,شرکت تامین صنعت آمن,25 - 35 میلیون تومان,اصفهان,شنبه تا چهارشنبه : 8 الی 17 پنجشنبه 8 الی 13,تمام وقت,,"['کارشناسی\n|\nمهندسی برق', 'کارشناسی\n|\nکامپیوتر / فناوری اطلاعات', 'انگلیسی\n|\nمتوسط ۵۰٪', 'Python\n|\nمقدماتی', 'C++\n|\nمتوسط']"
2025-04-06,متخصص هوش مصنوعی,اسمایلینو,an argumant,تهران ، طرشت,شنبه تا چهارشنبه از ساعت 8 الی 17,تمام وقت,,['Python\n|\nپیشرفته']
2025-04-20,کارشناس تحلیل داده,بهستان بهداشت,25 - 30 میلیون تومان,تهران ، ونک,شنبه تا چهارشنبه ساعت 08:30 تا 16:30,تمام وقت,,"['Sql Server\n|\nمقدماتی', 'PowerBI\n|\nمتوسط']"
2025-04-23,کارشناس هوش مصنوعی,بینا پرداز شریف,25 - 35 میلیون تومان,تهران ، آزادی,شنبه تا چهارشنبه از 8 تا 16,تمام وقت یا پاره وقت,امکان دورکاری,"['دکترا\n|\nکامپیوتر / فناوری اطلاعات', 'کارشناسی ارشد\n|\nمهندسی هوافضا', 'انگلیسی\n|\nبالاتر از متوسط ۷۰٪']"
2025-04-19,کارشناس تحلیل داده,گروه صنعتی گلرنگ,20 - 25 میلیون تومان,تهران ، ساعی - توانیر,شنبه تا چهارشنبه ساعت 7:45 تا 16:30 پنج شنبه 7:45 تا 13:30,تمام وقت,,"['کارشناسی\n|\nریاضی و آمار', 'کارشناسی\n|\nکامپیوتر / فناوری اطلاعات', 'Microsoft Excel\n|\nمتوسط', 'Microsoft Word\n|\nمتوسط', 'Microsoft Outlook\n|\nمتوسط', 'Microsoft Powerpoint\n|\nمتوسط']"
2025-04-28,کارشناس تحلیل داده (آنالیزور),شرکت تهران بوران,an argumant,تهران ، اکباتان,شنبه تا چهارشنبه 8:30 الی 17:30,تمام وقت,,"['کارشناسی\n|\nمدیریت / بازرگانی / کسب و کار', 'کارشناسی\n|\nمهندسی صنایع', 'انگلیسی\n|\nبالاتر از متوسط ۷۰٪', 'Microsoft Word\n|\nپیشرفته', 'Microsoft Excel\n|\nپیشرفته', 'PowerBI\n|\nمتوسط', 'Sql Server\n|\nمتوسط']"
2025-04-22,متخصص هوش مصنوعی,هلدینگ دانیال موج,an argumant,گرمدره,شنبه تا چهار شنبه 7 صبح الی 16 پنجشنبه تعطیل,تمام وقت یا پاره وقت,"امکان دورکاری
امکان جذب کارآموز","['کارشناسی ارشد\n|\nکامپیوتر / فناوری اطلاعات', 'Python\n|\nمتوسط', 'MySql\n|\nمتوسط', 'PowerBI\n|\nمتوسط', 'R\n|\nمتوسط', 'SAS\n|\nمتوسط']"
2025-04-30,کارشناس تحلیل داده,تپسل,an argumant,تهران ، جردن,شنبه تا چهارشنبه,تمام وقت,,"['Microsoft Excel\n|\nمقدماتی', 'PowerBI\n|\nمقدماتی', 'Python\n|\nمقدماتی']"
2025-03-25,کارشناس تحلیل داده,شرکت ویستابست,an argumant,تهران ، آرژانتین,شنبه تا چهارشنبه 8:30 لغایت 17:30 (تمام وقت، حضوری)؛,تمام وقت,,"['کارشناسی\n|\nمهندسی صنایع', 'انگلیسی\n|\nمتوسط ۵۰٪', 'Microsoft Word\n|\nمتوسط', 'Microsoft Excel\n|\nمتوسط', 'Microsoft Powerpoint\n|\nمتوسط', 'Microsoft Outlook\n|\nمتوسط', 'PowerBI\n|\nپیشرفته']"
2025-04-14,کارشناس ارشد هوش مصنوعی (AI),مهندسی فناوری اطلاعات پرتو بیتا,an argumant,تهران ، توحید,شنبه تا چهارشنبه 8 الی 17,تمام وقت,,"['کارشناسی ارشد\n|\nکامپیوتر / فناوری اطلاعات', 'Python\n|\nپیشرفته', 'Sql Server\n|\nمتوسط', 'Docker\n|\nمقدماتی', 'Rest API\n|\nمقدماتی']"
2025-04-28,کارشناس هوش تجاری (BI),مدیریت و توسعه فناوری اطلاعات آرمان,an argumant,تهران ، آرژانتین,شنبه تا چهارشنبه ساعت 7 تا 16,تمام وقت,,['ODI\n|\nمتوسط']
2025-03-30,کارشناس POWER BI,شرکت معتمد همراه فن آوا,25 - 35 میلیون تومان,تهران ، فاطمی,شنبه تا چهارشنبه 8 الی 17,تمام وقت,,"['کارشناسی\n|\nکامپیوتر / فناوری اطلاعات', 'کارشناسی\n|\nمهندسی صنایع', 'کارشناسی\n|\nریاضی و آمار', 'انگلیسی\n|\nبالاتر از متوسط ۷۰٪', 'PowerBI\n|\nپیشرفته', 'SSIS\n|\nمتوسط', 'SSAS\n|\nمتوسط']"
2025-03-08,کارشناس هوش مصنوعی (python),شرکت ایران الکتریک,40 - 60 میلیون تومان,تهران ، آپادانا,شنبه تا چهارشنبه 9 تا 18,قراردادی / پروژه ای,امکان دورکاری,"['کارشناسی\n|\nکامپیوتر / فناوری اطلاعات', 'کارشناسی\n|\nمهندسی برق', 'Python\n|\nمتوسط', 'GIT\n|\nمتوسط', 'Rest API\n|\nمتوسط', 'Kafka\n|\nمقدماتی', 'OpenCV\n|\nمتوسط', 'RabbitMQ\n|\nمقدماتی', 'Kubernetes\n|\nمقدماتی', 'Docker\n|\nمتوسط', 'Django\n|\nمقدماتی', 'PostgreSql\n|\nمقدماتی']"
2025-03-09,Data Analyst,اسنپ باکس,an argumant,تهران ، زعفرانیه,Saturday to Wednesday 9 A.M. to 6 P.M.,Full Time,,['Sql Server\n|\nIntermediate']
2025-04-20,کارشناس تحلیل داده (مهندس داده),مهسان,an argumant,تهران ، عباس آباد (بهشتی),شنبه تا چهارشنبه - 8:00 تا 16:45,تمام وقت,,"['کارشناسی\n|\nکامپیوتر / فناوری اطلاعات', 'Python\n|\nمتوسط']"
2025-04-26,Data Engineer,تجارت الکترونیک پارسیان,an argumant,تهران ، جردن,Saturday to Wednesday from 07:30 to 15:45,Full Time,,[]
2025-04-05,کارشناس ارشد تحلیل داده (Power Bi) - آقا,پرشیا خودرو,an argumant,تهران ، جاده مخصوص,شنبه تا پنجشنبه,تمام وقت,,"['کارشناسی\n|\nمهندسی صنایع', 'Microsoft Excel\n|\nپیشرفته', 'Minitab\n|\nپیشرفته', 'PowerBI\n|\nپیشرفته']"
2025-03-25,کارشناس هوش مصنوعی,آژانس تبلیغات 128,30 - 35 میلیون تومان,اصفهان ، آبشار,شنبه تا چهارشنبه از ساعت 8 الی 17 پنجشنبه از ساعت 8 الی 14,تمام وقت,,"['کارشناسی\n|\nکامپیوتر / فناوری اطلاعات', 'انگلیسی\n|\nمتوسط ۵۰٪', 'Python\n|\nمتوسط']"
2025-04-28,Data Engineer,فناوری اطلاعات و ارتباطات مُهَیمن,an argumant,تهران ، عباس آباد (بهشتی),شنبه تا چهارشنبه 8 الی 16 | پنج‌شنبه‌ها 8 الی 12,تمام وقت,,"['کارشناسی\n|\nکامپیوتر / فناوری اطلاعات', 'Oracle NoSQL\n|\nمتوسط', 'Python\n|\nمتوسط']"
2025-04-12,BI Developer (Mid),آرین نوین رایانه,18 - 22 میلیون تومان,زنجان,شنبه تا چهارشنبه 8 الی 16:30,تمام وقت,,"['RabbitMQ\n|\nمتوسط', 'T-Sql\n|\nمقدماتی', 'Zookeeper\n|\nپیشرفته', 'JQuery\n|\nمقدماتی', 'PowerBI\n|\nپیشرفته', 'ODI\n|\nپیشرفته', '.Net Core / .Net\n|\nمقدماتی', 'JavaScript\n|\nمتوسط', 'MySql\n|\nمتوسط']"
2025-05-04,junior Data Engineer,فناوری اطلاعات و ارتباطات مُهَیمن,an argumant,تهران ، عباس آباد (بهشتی),شنبه تا چهارشنبه 8 الی 16 | پنج‌شنبه‌ها 8 الی 12,تمام وقت,,"['کارشناسی\n|\nکامپیوتر / فناوری اطلاعات', 'MySql\n|\nمتوسط', 'PostgreSql\n|\nمتوسط', 'Sql Server\n|\nمتوسط', 'Python\n|\nمتوسط', 'Java\n|\nمتوسط', 'Linux\n|\nمتوسط', 'GIT\n|\nمتوسط', 'Gerafana\n|\nمقدماتی', 'Zabbix\n|\nمقدماتی', 'Prometheus\n|\nمقدماتی']"
2025-04-20,Data Engineer,شرکت پویا,an argumant,تهران ، نیلوفر - شهید قندی,saturday to wednsday from 8:00am to 16:30pm,Full Time,,"['Oracle NoSQL\n|\nIntermediate', 'Node.js\n|\nIntermediate', 'Kafka\n|\nIntermediate', 'Python\n|\nIntermediate', 'Java\n|\nIntermediate', 'Sql Server\n|\nIntermediate']"
2025-04-19,کارشناس تحلیل داده (Data Analyst),بهسازان ملت,an argumant,تهران ، پاسداران,شنبه تا چهارشنبه 8 الی 17,تمام وقت,,[]
2025-04-27,Tapsi Delivery- Senior Data Analyst,تپسی,an argumant,تهران ، سعادت آباد,شنبه تا چهارشنبه,Full Time,,"['System Analysis\n|\nIntermediate', 'Python\n|\nIntermediate', 'Tableau\n|\nIntermediate', 'PowerBI\n|\nIntermediate']"
2025-04-06,Data Analyst,شرکت صنایع غذایی ماسترفوده,22 - 25 میلیون تومان,تهران ، عباس آباد (بهشتی),saturday to wednesday at 7:30 to 17,Full Time,,[]
2025-04-15,کارشناس تحلیل داده و هوش مصنوعی,گلرنگ سیستم,an argumant,تهران ، ساعی - توانیر,ساعت کاری شنبه تا چهارشنبه 7:45 تا 17:00,تمام وقت,,"['کارشناسی\n|\nکامپیوتر / فناوری اطلاعات', 'انگلیسی\n|\nمتوسط ۵۰٪']"
2025-04-30,کارشناس هوش تجاری (BI),شرکت دارویی پخش فردوس,an argumant,تهران ، دریان نو,شنبه تا چهارشنبه 7:30 تا 16:15، پنجشنبه‌ها اضافه کار,تمام وقت,,"['کارشناسی\n|\nکامپیوتر / فناوری اطلاعات', 'کارشناسی\n|\nمهندسی صنایع', 'Python\n|\nپیشرفته', 'SSAS\n|\nپیشرفته', 'PowerBI\n|\nپیشرفته', 'T-Sql\n|\nپیشرفته']"
2025-04-30,Computer Vision Expert,شرکت زرین رویا,an argumant,تهران ، آرژانتین,Saturday to Wednesday (8:00-16:50),Full Time,,"['Python\n|\nAdvanced', 'GIT\n|\nIntermediate']"
2025-04-09,کارشناس ارشد پردازش زبان طبیعی (Senior NLP Developer),دانشکده مهندسی کامپیوتر - دانشگاه صنعتی امیرکبیر,an argumant,تهران ، حافظ,شنبه تا چهارشنبه - 9 ساعت در بازه 8 تا 20,تمام وقت یا پاره وقت,,"['کارشناسی\n|\nکامپیوتر / فناوری اطلاعات', 'انگلیسی\n|\nبالاتر از متوسط ۷۰٪', 'Python\n|\nمتوسط', 'Django\n|\nپیشرفته', 'GIT\n|\nمتوسط']"
2025-04-19,کارشناس تحلیل داده,گروه صنعتی طبیعت ماکان,an argumant,تهران ، شهران,شنبه الی سه شنبه 08:00الی 1700 و چهارشنبه 08:00 الی 16:00,تمام وقت,,"['کارشناسی ارشد\n|\nکامپیوتر / فناوری اطلاعات', 'کارشناسی\n|\nمهندسی صنایع', 'انگلیسی\n|\nمتوسط ۵۰٪', 'Microsoft Excel\n|\nپیشرفته', 'PowerBI\n|\nپیشرفته', 'Sql Server\n|\nمتوسط']"
2025-04-28,Senior Data Analyst (Pricing),گروه اسنپ,an argumant,تهران ، زعفرانیه,شنبه تا چهارشنبه ساعت 9 تا 18,Full Time,,['Python\n|\nIntermediate']
2025-05-04,کارشناس تحلیل داده‌های منابع انسانی (HR Analytics),کالارسانان چاپار,an argumant,تهران ، جاده مخصوص,شنبه تا پنجشنبه 16:00 الی 22,تمام وقت,,"['کارشناسی\n|\nکامپیوتر / فناوری اطلاعات', 'کارشناسی\n|\nمهندسی صنایع', 'کارشناسی\n|\nریاضی و آمار', 'کارشناسی\n|\nمدیریت / بازرگانی / کسب و کار', 'Microsoft Word\n|\nمتوسط', 'Microsoft Excel\n|\nپیشرفته', 'Microsoft Powerpoint\n|\nپیشرفته', 'Microsoft Outlook\n|\nمتوسط', 'PowerBI\n|\nپیشرفته']"
2025-03-17,مهندس داده,دیکام,an argumant,اصفهان ، چرخاب,شنبه تا چهارشنبه ساعت 8:30 الی 17:30,تمام وقت,,"['کارشناسی\n|\nکامپیوتر / فناوری اطلاعات', 'T-Sql\n|\nپیشرفته', 'SSRS\n|\nمقدماتی', 'Oracle BI\n|\nمقدماتی', 'SPSS\n|\nمقدماتی', 'PowerBI\n|\nمقدماتی', 'Tableau\n|\nمقدماتی', 'Sql Server\n|\nپیشرفته']"
2025-04-20,مدرس هوش مصنوعی,جهاد دانشگاهی واحد قزوین,an argumant,قزوین,توافقی,قراردادی / پروژه ای,,[]
2025-04-28,تحلیل‌گر داده (Data Analyst),فناوری اطلاعات و ارتباطات مُهَیمن,an argumant,تهران ، عباس آباد (بهشتی),شنبه تا چهارشنبه 8 الی 16 | پنج‌شنبه‌ها 8 الی 12,تمام وقت,,"['کارشناسی\n|\nکامپیوتر / فناوری اطلاعات', 'کارشناسی\n|\nمهندسی صنایع', 'Python\n|\nمتوسط', 'PowerBI\n|\nمقدماتی']"
2025-04-26,کارشناس اطلاعات و تحلیل داده MIS,شرکت پخش پدیده پایدار,an argumant,تهران ، ونک,شنبه تا پنجشنبه 7:30 تا 16:45 - پنجشنبه تا 11:30,تمام وقت,,"['کارشناسی\n|\nمهندسی صنایع', 'کارشناسی\n|\nکامپیوتر / فناوری اطلاعات', 'انگلیسی\n|\nبالاتر از متوسط ۷۰٪', 'PowerBI\n|\nمقدماتی', 'Microsoft Excel\n|\nپیشرفته']"
2025-04-15,Delivery Data Analyst,اسنپ فود,an argumant,تهران ، زعفرانیه,Sat - Wed,Full Time,,"['Bachelor\n|\nIndustrial Engineering', 'Gerafana\n|\nIntermediate', 'PowerBI\n|\nIntermediate', 'Tableau\n|\nIntermediate', 'Microsoft Excel\n|\nIntermediate']"
2025-04-05,کارشناس تحلیل داده (data analysis),راژمان الگوریتم هوپاد,an argumant,تهران ، ونک,از شنبه تا چهارشنبه 8:15 الی 17,تمام وقت,,"['انگلیسی\n|\nمتوسط ۵۰٪', 'Python\n|\nپیشرفته', 'Notepad++\n|\nمقدماتی', 'ShellScript\n|\nپیشرفته']"
2025-04-23,کارشناس تحلیل داده و هوش تجاری,داده پردازان بنیان آوا,an argumant,تهران ، ظفر,شنبه تا چهارشنبه 8 تا 16:45,تمام وقت,,"['کارشناسی ارشد\n|\nکامپیوتر / فناوری اطلاعات', 'انگلیسی\n|\nپایین تر از متوسط ۳۰٪', 'PowerBI\n|\nمتوسط', 'Sql Server\n|\nمتوسط', 'MySql\n|\nمتوسط', 'Python\n|\nمقدماتی']"
2025-04-26,Master Data Management Specialist,یونیلیور ایران,an argumant,تهران ، آرژانتین,Saturday to Wednesday 8:30 AM to 5:30 PM,Full Time,,"['Bachelor\n|\nComputer and IT', 'Bachelor\n|\nBusiness/Management/Commerce', 'English\n|\nAdvanced 90%', 'Microsoft Word\n|\nIntermediate', 'Microsoft Powerpoint\n|\nIntermediate', 'Microsoft Excel\n|\nAdvanced']"
2025-04-21,کارشناس علم داده (Mid-level to Senior),داده پردازان بنیان آوا,an argumant,تهران ، ظفر,شنبه تا چهارشنبه 8 تا 16:45,تمام وقت,,"['کارشناسی\n|\nکامپیوتر / فناوری اطلاعات', 'انگلیسی\n|\nمتوسط ۵۰٪', 'Python\n|\nپیشرفته']"
2025-04-14,کارشناس ارشد مهندس داده ( Data Engineer ),شرکت توسعه تجارت هزارگذر,an argumant,تهران ، ونک,ساعت کاری شنبه تا چهارشنبه 8:30 تا 17:30 پنج شنبه تعطیل میباشد .,تمام وقت,,"['کارشناسی\n|\nکامپیوتر / فناوری اطلاعات', 'کارشناسی\n|\nریاضی و آمار', 'انگلیسی\n|\nمتوسط ۵۰٪', 'Sql Server\n|\nمتوسط', 'MySql\n|\nمتوسط', 'PostgreSql\n|\nمتوسط', 'Gerafana\n|\nمقدماتی', 'Kafka\n|\nمتوسط', 'Python\n|\nپیشرفته', 'Wireshark\n|\nمقدماتی', 'Linux\n|\nمتوسط']"
2025-04-05,کارشناس علم داده,تجارت الکترونیک و فناوری اطلاعات ملل,15 - 20 میلیون تومان,تهران ، شهرک والفجر,شنبه تا چهارشنبه 07:00 الی 16:00,تمام وقت,,"['کارشناسی\n|\nکامپیوتر / فناوری اطلاعات', 'انگلیسی\n|\nبالاتر از متوسط ۷۰٪', 'Python\n|\nمتوسط']"
2025-03-05,کارشناس تحلیلگر سیستم,سالن زیبایی مریم پرور,an argumant,تهران ، انقلاب,شنبه تا چهارشنبه,قراردادی / پروژه ای,امکان دورکاری,"['کارشناسی\n|\nکامپیوتر / فناوری اطلاعات', 'PowerBI\n|\nپیشرفته', 'Visual Paradigm\n|\nپیشرفته', 'Entity Framework\n|\nپیشرفته', 'PL-SQL\n|\nمتوسط']"
2025-04-22,رییس انبار داده,تیپاکس اکسپرس پارس,45 - 60 میلیون تومان,تهران ، شهرک استقلال,شنبه تا چهارشنبه 08:00 الی 17:00,تمام وقت,,"['PowerBI\n|\nمتوسط', 'Tableau\n|\nمتوسط', 'Sql Server\n|\nمتوسط', 'MySql\n|\nمتوسط', 'Python\n|\nمتوسط']"
2025-04-08,Business Intelligence Developer,دیجی کالا,an argumant,تهران ، چیتگر,شنبه تا چهارشنبه,Full Time,,"['PowerBI\n|\nAdvanced', 'C#\n|\nIntermediate']"
2025-04-15,تحلیلگر سیستم (System Analyst),فناوری اطلاعات و ارتباطات مُهَیمن,an argumant,تهران ، نیلوفر - شهید قندی,شنبه تا چهارشنبه 8 تا 16 | پنجشنبه 8 تا 12,تمام وقت,,"['Sql Server\n|\nمتوسط', 'PowerBI\n|\nمتوسط']"
2025-04-23,Big Data Analyst (Vendor),خدمات ارتباطی ایرانسل,an argumant,تهران ، هروی,Full Time,Full Time,,"['Bachelor\n|\nComputer and IT', 'English\n|\nUpper Intermediate 70%']"
2025-04-19,برنامه نویس هوش مصنوعی,هوشمند تدبیر دیاکو,an argumant,تهران ، حسین آباد - مبارک آباد,شنبه تا چهارشنبه ساعت 8 الی 17,تمام وقت,,"['Jira\n|\nمتوسط', 'Trello\n|\nمتوسط', 'Python\n|\nمتوسط', 'GIT\n|\nپیشرفته', 'MySql\n|\nمتوسط']"
2025-03-17,کارشناس ETL,تجارت الکترونیک و فناوری اطلاعات ملل,15 - 20 میلیون تومان,تهران ، شهرک والفجر,شنبه تا چهارشنبه 07:10 الی 16:00,تمام وقت,,"['کارشناسی\n|\nکامپیوتر / فناوری اطلاعات', 'انگلیسی\n|\nمتوسط ۵۰٪']"
2025-04-30,Big Data Engineer,شرکت زرین رویا,an argumant,تهران ، آرژانتین,Saturday-Wednesday(8-16:50),Full Time,,"['Python\n|\nAdvanced', 'Scala\n|\nAdvanced']"
2025-04-21,توسعه دهنده ارشد پایتون (Django),شرکت نرد استدیو,30 - 35 میلیون تومان,مشهد,ریموت,تمام وقت,امکان دورکاری,"['کارشناسی ارشد\n|\nکامپیوتر / فناوری اطلاعات', 'انگلیسی\n|\nبالاتر از متوسط ۷۰٪', 'Django\n|\nپیشرفته', 'Rest API\n|\nپیشرفته', 'MySql\n|\nمتوسط', 'PostgreSql\n|\nمتوسط', 'Docker\n|\nمقدماتی']"
2025-04-13,کارشناس گزارشات و تحلیل داده,ارکید فارمد,an argumant,تهران ، ونک,شنبه تا چهارشنبه,تمام وقت,,"['Python\n|\nمتوسط', 'PowerBI\n|\nمتوسط', 'Microsoft Excel\n|\nمتوسط']"
2025-04-06,اپراتور ورود اطلاعات (DATA ENTRY),رایان خودرو اندیش,an argumant,تهران ، آزادی,شنبه تا چهارشنبه 9 تا 17 - پنجشنبه 9 تا 13,تمام وقت,,[]
2025-04-07,Data Analyst,اسنپ فود,an argumant,تهران ، زعفرانیه,Saturday to Friday (one day off on Thursday or Friday on a rotating basis),Full Time,,[]
2025-04-21,Data Engineer,بولوت تکین چابک,an argumant,تبریز,شنبه تا چهارشنبه 8 تا 17:30,تمام وقت,,"['کارشناسی\n|\nکامپیوتر / فناوری اطلاعات', 'کارشناسی\n|\nمهندسی برق', 'کارشناسی\n|\nمهندسی صنایع', 'Sql Server\n|\nمتوسط', 'MySql\n|\nمتوسط', 'Docker\n|\nمقدماتی', 'Linux\n|\nمقدماتی', 'Python\n|\nمقدماتی']"
2025-04-27,کارشناس هوش تجاری (BI),شاتل موبایل,an argumant,تهران ، شریعتی,شنبه تا سه شنبه 8:00 تا 17:30 - چهارشنبه 8:00 تا 16:30,تمام وقت,,"['کارشناسی\n|\nکامپیوتر / فناوری اطلاعات', 'انگلیسی\n|\nمتوسط ۵۰٪', 'PL-SQL\n|\nمتوسط', 'PowerBI\n|\nمتوسط', 'Python\n|\nمقدماتی', 'Java\n|\nمقدماتی']"
2025-04-09,کارشناس تحلیل داده‌های مخابراتی,فناوری اطلاعات و ارتباطات مُهَیمن,an argumant,تهران ، عباس آباد (بهشتی),شنبه تا چهارشنبه 8 الی16 | پنجشنبه‌ها 8 الی 12,تمام وقت,,[]
2025-03-17,متخصص پردازش تصویر (هوش مصنوعی),سازمانی فعال در حوزه تلکام,an argumant,تهران ، شهرک گلستان (شهرک راه آهن),شنبه تا چهارشنبه ساعت 8:30 الی 17:30,تمام وقت,,"['کارشناسی ارشد\n|\nکامپیوتر / فناوری اطلاعات', 'کارشناسی ارشد\n|\nمهندسی برق', 'کارشناسی ارشد\n|\nمهندسی پزشکی', 'انگلیسی\n|\nپیشرفته ۹۰٪', 'Python\n|\nپیشرفته', 'GIT\n|\nمتوسط']"
2025-04-06,کارشناس علم داده (گراف),تجارت الکترونیک و فناوری اطلاعات ملل,15 - 22 میلیون تومان,تهران ، شهرک والفجر,شنبه تا چهارشنبه 07:10 الی 16:00,تمام وقت,,"['کارشناسی\n|\nکامپیوتر / فناوری اطلاعات', 'انگلیسی\n|\nمتوسط ۵۰٪', 'Python\n|\nپیشرفته']"
2025-04-29,کارشناس هوش تجاری,داروسازی تهران شیمی,an argumant,تهران ، هفده شهریور,شنبه تا چهارشنبه 7 الی 16 پنج شنبه 7 الی 15,تمام وقت,,"['کارشناسی\n|\nکامپیوتر / فناوری اطلاعات', 'کارشناسی\n|\nمهندسی صنایع', 'کارشناسی\n|\nریاضی و آمار', 'انگلیسی\n|\nمتوسط ۵۰٪', 'Python\n|\nمتوسط', 'Microsoft Excel\n|\nمتوسط', 'PowerBI\n|\nمتوسط']"
2025-03-16,مشاور هوش مصنوعی (ML and AI),گُل اِرن,30 - 40 میلیون تومان,تهران ، تهرانپارس,قابل مذاکره,پاره وقت,"پاره وقت
امکان دورکاری","['کارشناسی\n|\nکامپیوتر / فناوری اطلاعات', 'انگلیسی\n|\nبالاتر از متوسط ۷۰٪', 'Tableau\n|\nمتوسط', 'PowerBI\n|\nمتوسط', 'MongoDB\n|\nمتوسط', 'MySql\n|\nمتوسط', 'PostgreSql\n|\nمتوسط', 'Python\n|\nمتوسط']"
2025-04-21,ML Engineer,شرکت لایف وب,an argumant,تهران ، مطهری,Saturday - Wednesday,Full Time,,"['Bachelor\n|\nComputer and IT', 'English\n|\nIntermediate - 50%', 'GIT\n|\nIntermediate', 'Python\n|\nAdvanced', 'Elastic Search\n|\nIntermediate']"
2025-04-28,کارشناس ارشد هوش تجاری,دانشگاه آزاد واحد الکترونیکی,an argumant,تهران ، شهرک غرب (شهرک قدس),شنبه تا چهارشنبه,تمام وقت,,"['SSIS\n|\nپیشرفته', 'SSRS\n|\nپیشرفته', 'SSAS\n|\nپیشرفته', 'T-Sql\n|\nپیشرفته', 'PowerBI\n|\nپیشرفته']"
2025-04-06,توسعه دهنده ارشد هوش مصنوعی,کیهان وب,20 - 30 میلیون تومان,مشهد,9 الی 17,تمام وقت,,"['کارشناسی\n|\nکامپیوتر / فناوری اطلاعات', 'Python\n|\nپیشرفته', 'Go\n|\nمتوسط', 'OpenCV\n|\nپیشرفته', 'Docker\n|\nپیشرفته', 'Kubernetes\n|\nمتوسط', 'Keras\n|\nمتوسط', 'GIT\n|\nپیشرفته']"
2025-03-26,کارشناس هوش مصنوعی (NLP-LLM ),مجموعه آزمایشگاهی مندل,20 - 30 میلیون تومان,تهران ، اسکندری,شنبه تا پنجشنبه,تمام وقت,امکان دورکاری,['انگلیسی\n|\nبالاتر از متوسط ۷۰٪']
2025-04-28,Business Analyst,اسنپ مارکت,an argumant,تهران ، زعفرانیه,Saturday to Wednesday,Full Time,,"['MySql\n|\nIntermediate', 'PowerBI\n|\nIntermediate']"
2025-04-19,کارشناس NLP,فناپ,an argumant,پردیس,شنبه تا چهارشنبه,تمام وقت,,['Python\n|\nمتوسط']
2025-04-07,کارشناس ارشد داده - آقا,فناوری اطلاعات مهر اندیش آکام,an argumant,تهران ، هفت تیر,شنبه تا چهارشنبه,تمام وقت,,"['Spark\n|\nمتوسط', 'Hadoop\n|\nمتوسط', 'PowerBI\n|\nمتوسط', 'Python\n|\nمتوسط']"
2025-04-30,کارشناس بررسی کیفیت داده,ویستا سامانه آسا,an argumant,تهران ، ونک,7:45 تا 16,تمام وقت,,"['کارشناسی\n|\nمالی و حسابداری', 'کارشناسی\n|\nاقتصاد', 'کارشناسی\n|\nکامپیوتر / فناوری اطلاعات', 'کارشناسی\n|\nمدیریت / بازرگانی / کسب و کار', 'کارشناسی\n|\nریاضی و آمار', 'انگلیسی\n|\nمتوسط ۵۰٪', 'Microsoft Word\n|\nمتوسط', 'Microsoft Excel\n|\nمتوسط']"
2025-04-09,Data Analyst,زرینو,an argumant,تهران ، جردن,Saturday to Wednesday,Full Time,,[]
2025-04-20,Senior Data Engineer,خودرو 45,an argumant,تهران ، میرداماد,شنبه تا چهارشنبه,Full Time,,[]
2025-04-22,کارشناس هوش تجاری (BI Developer),افق تولید دارو پارس,an argumant,تهران ، سعادت آباد,شنبه تا چهارشنبه - 8 الی 17:30,تمام وقت,,"['کارشناسی\n|\nمدیریت / بازرگانی / کسب و کار', 'کارشناسی\n|\nمهندسی صنایع', 'کارشناسی\n|\nکامپیوتر / فناوری اطلاعات', 'کارشناسی\n|\nریاضی و آمار', 'انگلیسی\n|\nمتوسط ۵۰٪']"
2025-04-09,Business Analyst (Contact Center),اسنپ فود,an argumant,تهران ، باغ فیض,شنبه تا چهارشنبه,Full Time,,[]
2025-04-14,کارشناس تحلیل داده (Market Insights Analyst),گروه توسعه همراه تل,an argumant,تهران ، جردن,شنبه تا چهارشنبه - 8 الی17 ( به همراه 1 ساعت شناوری ),تمام وقت,,"['Microsoft Excel\n|\nپیشرفته', 'Tableau\n|\nپیشرفته', 'Google Analytics\n|\nپیشرفته', 'Python\n|\nمتوسط']"
2025-04-07,کارشناس مهندسی داده,گلرنگ سیستم,an argumant,تهران ، ساعی - توانیر,ساعت کاری شنبه تا چهارشنبه 7:45 تا 17:00,تمام وقت,,"['کارشناسی\n|\nکامپیوتر / فناوری اطلاعات', 'انگلیسی\n|\nمتوسط ۵۰٪', 'Sql Server\n|\nمتوسط', 'SSIS\n|\nمتوسط', 'SSAS\n|\nمتوسط', 'Python\n|\nمتوسط', 'PowerBI\n|\nمتوسط']"
2025-03-29,مهندس داده,کافه‌ بیکری گنتوم,20 - 26 میلیون تومان,شیراز,تسک محور,تمام وقت,,"['کارشناسی ارشد\n|\nریاضی و آمار', 'کارشناسی\n|\nکامپیوتر / فناوری اطلاعات', 'انگلیسی\n|\nمتوسط ۵۰٪', 'PowerBI\n|\nمتوسط', 'Tableau\n|\nمقدماتی', 'Python\n|\nمتوسط']"
2025-04-09,کارشناس مدل‌های زبانی بزرگ (LLM Expert),پیشتازان دانش و صنعت زنده رود,15 - 22 میلیون تومان,اصفهان,شنبه تا پنج شنبه از ساعت 9 تا 17,تمام وقت یا پاره وقت,امکان دورکاری,"['کارشناسی\n|\nکامپیوتر / فناوری اطلاعات', 'انگلیسی\n|\nمتوسط ۵۰٪', 'Python\n|\nمتوسط']"
2025-04-26,BI Analyst,شرکت زرین رویا,an argumant,تهران ، آرژانتین,Saturday-Wednesday(8-16:50),Full Time,,"['PowerBI\n|\nIntermediate', 'SSAS\n|\nIntermediate', 'Sql Server\n|\nIntermediate']"
2025-04-28,کارشناس دیتا آنالیزور,شرکت توسعه صنعت نظری,an argumant,تهران ، تهرانپارس,شنبه تا چهارشنبه 8 الی 17:18 - پنجشنبه اضافه کاری تا 16,تمام وقت,,"['کارشناسی\n|\nمدیریت / بازرگانی / کسب و کار', 'کارشناسی\n|\nریاضی و آمار', 'کارشناسی\n|\nکامپیوتر / فناوری اطلاعات', 'Microsoft Excel\n|\nمتوسط', 'PowerBI\n|\nمتوسط']"
2025-03-08,تحلیلگر هوش مصنوعی و داده,شرکت خدمات انفورماتیک,an argumant,تهران ، میرداماد,شنبه تا چهارشنبه 17:00 - 8:00,تمام وقت,,"['کارشناسی\n|\nکامپیوتر / فناوری اطلاعات', 'انگلیسی\n|\nبالاتر از متوسط ۷۰٪', 'PowerBI\n|\nمتوسط', 'Python\n|\nمتوسط', 'Sql Server\n|\nمتوسط']"
2025-04-14,Data Scientist,فروشگاه های زنجیره ای افق کوروش,an argumant,تهران ، عباس آباد (بهشتی),"Saturday to Wednesday: 8am to 5pm, Thursdays (every other day): 8am to 12pm",Full Time,,[]
2025-04-12,Data Engineer,فینوداد,an argumant,تهران ، آرژانتین,شنبه تا چهارشنبه از ساعت 8 الی 17 (1 ساعت شناوری),تمام وقت,,"['کارشناسی\n|\nکامپیوتر / فناوری اطلاعات', 'انگلیسی\n|\nبالاتر از متوسط ۷۰٪', 'Python\n|\nمتوسط', 'Oracle BI\n|\nمتوسط', 'PL-SQL\n|\nمتوسط', 'PowerBI\n|\nمتوسط']"
2025-04-21,کارشناس ETL و هوش تجاری (ETL & BI Developer),داده پردازان بنیان آوا,an argumant,تهران ، ظفر,شنبه تا چهارشنبه 8 تا 16:45,تمام وقت,,"['کارشناسی\n|\nکامپیوتر / فناوری اطلاعات', 'انگلیسی\n|\nمتوسط ۵۰٪']"
2025-04-09,Process Analyst (Contact Center),اسنپ فود,an argumant,تهران ، باغ فیض,شنبه تا چهارشنبه,Full Time,,"['Microsoft Visio\n|\nIntermediate', 'Bizagi\n|\nIntermediate']"
2025-03-26,کارشناس هوش مصنوعی - آقا,آناتوآ,an argumant,قم,شنبه تا پنج شنبه ساعت 9 الی 17,تمام وقت یا پاره وقت,,['Python\n|\nمتوسط']
2025-04-08,Senior Data Engineer,اسنپ مارکت,an argumant,تهران ، زعفرانیه,Saturday to Wednesday,Full Time,,"['Kafka\n|\nIntermediate', 'Python\n|\nIntermediate', 'MySql\n|\nIntermediate', 'Java\n|\nIntermediate', 'Prometheus\n|\nIntermediate', 'Gerafana\n|\nIntermediate']"
2025-04-05,کارشناس هوش مصنوعی,ایوان پارس,an argumant,مشهد ، بلوار سجاد,شنبه تا پنج شنبه 9 تا 4 بعد از ظهر,تمام وقت,,"['کارشناسی\n|\nکامپیوتر / فناوری اطلاعات', 'Python\n|\nمتوسط']"
2025-04-23,مهندس پایگاه داده,داده کاوان توسن,an argumant,تهران ، جردن,شنبه تا چهارشنبه 8 الی 16:30 (شناوری),تمام وقت,,"['کارشناسی\n|\nکامپیوتر / فناوری اطلاعات', 'انگلیسی\n|\nپایین تر از متوسط ۳۰٪', 'Sql Server\n|\nمتوسط', 'PL-SQL\n|\nمتوسط', 'T-Sql\n|\nمتوسط']"
2025-04-09,کارشناس جمع‌آوری داده,دانشکده مهندسی کامپیوتر - دانشگاه صنعتی امیرکبیر,an argumant,تهران ، حافظ,شنبه تا چهارشنبه - 9 ساعت در بازه 8 تا 17,تمام وقت,,[]
2025-04-15,کارشناس هوش تجاری و پایگاه داده,هلدینگ صافولا (صنعتی بهشهر، طلوع پخش آفتاب و گندم طلایی نوتریکا),an argumant,تهران ، فتح - صنعتی,شنبه تا چهارشنبه 8:30 الی 17,تمام وقت,,"['کارشناسی\n|\nکامپیوتر / فناوری اطلاعات', 'انگلیسی\n|\nپیشرفته ۹۰٪', 'SSIS\n|\nمتوسط', 'Sql Server\n|\nمتوسط', 'T-Sql\n|\nمتوسط', 'PowerBI\n|\nپیشرفته', 'SSAS\n|\nمتوسط']"
2025-04-16,کارشناس BI,پرداخت الکترونیک پاسارگاد,an argumant,تهران ، سعادت آباد,شنبه تا 4شنبه,تمام وقت,,"['SSAS\n|\nمتوسط', 'SSIS\n|\nمتوسط', 'PowerBI\n|\nمقدماتی', 'Sql Server\n|\nمتوسط']"
2025-04-06,کارشناس مهندسی داده,تجارت الکترونیک و فناوری اطلاعات ملل,an argumant,تهران ، شهرک والفجر,شنبه تا چهارشنبه 07:10 الی 16:00,تمام وقت,,"['کارشناسی\n|\nکامپیوتر / فناوری اطلاعات', 'RabbitMQ\n|\nمتوسط', 'MongoDB\n|\nمقدماتی', 'Docker\n|\nمقدماتی', 'Python\n|\nمتوسط', 'Java\n|\nمتوسط', 'Oracle NoSQL\n|\nمتوسط', 'Spark\n|\nمتوسط', 'Hadoop\n|\nمتوسط']"
2025-04-15,Business Data Analyst,فروشگاه اینترنتی خانومی,an argumant,تهران ، ظفر,Saturday to Wednesday,Full Time,,"['Bachelor\n|\nIndustrial Engineering', 'PowerBI\n|\nIntermediate']"
2025-04-05,Business and Data Analyst - آقا,ستاره اول,an argumant,تهران ، سعادت آباد,Saturday To Wednesday,Full Time,,"['Bachelor\n|\nComputer and IT', 'Bachelor\n|\nBusiness/Management/Commerce', 'English\n|\nUpper Intermediate 70%', 'Python\n|\nIntermediate', 'Sql Server\n|\nIntermediate', 'Microsoft Excel\n|\nAdvanced']"
2025-03-17,توسعه‌دهنده ارشد هوش مصنوعی,مهسان,an argumant,تهران ، عباس آباد (بهشتی),شنبه تا چهارشنبه - 08:00 تا 16:45,تمام وقت,,"['کارشناسی ارشد\n|\nکامپیوتر / فناوری اطلاعات', 'Python\n|\nمتوسط']"
2025-04-20,Senior Machine Learning Engineer,خودرو 45,an argumant,تهران ، میرداماد,شنبه تا چهارشنبه,Full Time,,[]
2025-03-11,کارشناس هوش مصنوعی,طراحان جوراب سفید,15 - 20 میلیون تومان,مشهد ، محله هنرستان,توافقی,تمام وقت,امکان دورکاری,[]
2025-03-12,کارشناس کامپیوتر هوش مصنوعی,فاتح آسمان شریف,an argumant,تهران ، فتح - صنعتی,شنبه تا چهارشنبه 8 الی 17 به همراه ساعت شناوری,تمام وقت,,"['کارشناسی\n|\nمهندسی برق', 'کارشناسی\n|\nکامپیوتر / فناوری اطلاعات', 'انگلیسی\n|\nمتوسط ۵۰٪']"
2025-03-08,Senior Data Engineer,کارگزاری اندیشه و بینش پیشرو,40 - 60 میلیون تومان,تهران ، آرژانتین,Saturday to Wednesday from 8 to 16,Full Time,,"['Bachelor\n|\nComputer and IT', 'English\n|\nIntermediate - 50%', 'تدبیر\n|\nBasic', 'Zookeeper\n|\nBasic', 'Sql Server\n|\nAdvanced', 'PostgreSql\n|\nAdvanced', 'Cassandra\n|\nBasic', 'Docker\n|\nIntermediate', 'Kubernetes\n|\nBasic', 'Docker Swarm\n|\nBasic', 'Gerafana\n|\nAdvanced', 'Prometheus\n|\nAdvanced', 'Rancher\n|\nBasic', 'Gitlab\n|\nAdvanced', 'Redis\n|\nIntermediate', 'Kafka\n|\nIntermediate', 'RabbitMQ\n|\nIntermediate', 'Microsoft Azure Devops / TFS\n|\nBasic', 'Linux\n|\nIntermediate']"
2025-04-28,کارشناس هوش تجاری (BI),گروه صنعتی طبیعت ماکان,an argumant,تهران ، شهران,شنبه الی سه شنبه 08:00الی 1700 و چهارشنبه 08:00 الی 16:00,تمام وقت,,"['کارشناسی\n|\nکامپیوتر / فناوری اطلاعات', 'کارشناسی\n|\nمهندسی صنایع', 'انگلیسی\n|\nمتوسط ۵۰٪', 'MySql\n|\nمتوسط', 'PowerBI\n|\nپیشرفته']"
2025-03-16,Data Analysis Specialist (Vendor),خدمات ارتباطی ایرانسل,an argumant,تهران ، هروی,Saturday to Wednesday,Full Time,,"['Bachelor\n|\nComputer and IT', 'English\n|\nIntermediate - 50%']"
2025-03-05,متخصص هوش مصنوعی - آقا,دانشگاه صنعتی همدان,an argumant,همدان,پروژه‌ای,قراردادی / پروژه ای,امکان دورکاری,[]
2025-03-06,مهندس کامپیوتر (هوش مصنوعی),شرکت کیمیانشان پایا,an argumant,تهران ، جردن,شنبه تا چهارشنبه,تمام وقت,,"['کارشناسی\n|\nکامپیوتر / فناوری اطلاعات', 'انگلیسی\n|\nمتوسط ۵۰٪']"
2025-03-10,متخصص هوش مصنوعی,ایرانیان سلامت سپیدار,25 - 35 میلیون تومان,تهران ، هروی,شنبه تا چهارشنبه 7 تا 16,تمام وقت,,"['انگلیسی\n|\nبالاتر از متوسط ۷۰٪', 'Python\n|\nمتوسط', 'MATLAB\n|\nمتوسط']"
2025-03-08,مهندس داده,شرکت خدمات انفورماتیک,an argumant,تهران ، میرداماد,شنبه تا چهارشنبه (17:00 - 8:00),تمام وقت,,"['کارشناسی\n|\nکامپیوتر / فناوری اطلاعات', 'کارشناسی\n|\nمهندسی صنایع']"
2025-04-07,کارشناس هوش تجاری (BI),شرکت سلامت الکترونیکی تامین (ساتا),an argumant,تهران ، تهرانسر,شنبه الی چهارشنبه 8 تا 16:30,تمام وقت,,"['کارشناسی\n|\nکامپیوتر / فناوری اطلاعات', 'T-Sql\n|\nمتوسط']"
2025-04-23,مهندس پایگاه داده (Junior),داده کاوان توسن,an argumant,تهران ، جردن,شنبه تا چهارشنبه 8 الی 16:30 (شناوری),تمام وقت,,"['کارشناسی\n|\nکامپیوتر / فناوری اطلاعات', 'انگلیسی\n|\nپایین تر از متوسط ۳۰٪', 'T-Sql\n|\nمقدماتی', 'Sql Server\n|\nمقدماتی', 'PL-SQL\n|\nمقدماتی']"
2025-03-09,متخصص هوش مصنوعی,گروه صنعتی طبیعت ماکان,an argumant,تهران ، شهران,شنبه الی سه شنبه 08:00الی 1700 و چهارشنبه 08:00 الی 16:00,تمام وقت,,"['کارشناسی ارشد\n|\nکامپیوتر / فناوری اطلاعات', 'انگلیسی\n|\nمتوسط ۵۰٪', 'Swift\n|\nمتوسط', 'Microsoft Visual Studio\n|\nمتوسط', 'Microsoft Excel\n|\nپیشرفته', 'Microsoft Word\n|\nپیشرفته']"
2025-03-15,کارشناس Power BI (هوش مصنوعی),شرکت مشاوره فردی و سازمانی,25 - 35 میلیون تومان,ابیک,پروژه ای یا ساعتی,پاره وقت,"پاره وقت
امکان دورکاری","['PowerBI\n|\nپیشرفته', 'Python\n|\nپیشرفته']"
2025-03-07,مدرس هوش مصنوعی,آکادمی ایساتیس,30 - 35 میلیون تومان,یزد,16 تا 20,قراردادی / پروژه ای,,[]
2025-03-05,Data Engineer,داریا همراه پایتخت,an argumant,تهران ، پارک وی,Sat to Wed From 10 to 18,Full Time,,"['Python\n|\nIntermediate', 'PostgreSql\n|\nIntermediate', 'MongoDB\n|\nIntermediate', 'Kafka\n|\nIntermediate', 'RabbitMQ\n|\nIntermediate']"
2025-04-08,کارشناس هوش تجاری (BI),تیپاکس اکسپرس پارس,an argumant,تهران ، شهرک استقلال,شنبه تا چهارشنبه 8:00 الی 17:00 (30 دقیقه شناوری),تمام وقت,,"['کارشناسی\n|\nکامپیوتر / فناوری اطلاعات', 'انگلیسی\n|\nبالاتر از متوسط ۷۰٪', 'PowerBI\n|\nمتوسط', 'SSAS\n|\nمتوسط', 'SSIS\n|\nمتوسط', 'Sql Server\n|\nمتوسط']"
2025-03-08,Data Analyst and Reporting Specialist,شرکت به پرداخت ملت,an argumant,تهران ، پاسداران,شنبه تا چهارشنبه,Full Time,,[]
2025-03-17,کارشناس تحلیل داده و سیستم ها,هلدینگ صافولا (صنعتی بهشهر، طلوع پخش آفتاب و گندم طلایی نوتریکا),an argumant,تهران ، فتح - صنعتی,شنبه تا چهارشنبه 8:30 الی 17,تمام وقت,,"['انگلیسی\n|\nبالاتر از متوسط ۷۰٪', 'Microsoft Word\n|\nمتوسط', 'Microsoft Excel\n|\nپیشرفته', 'Microsoft Outlook\n|\nمتوسط', 'Microsoft Powerpoint\n|\nپیشرفته']"
2025-03-10,کارشناس هوش مصنوعی,مرکز تحقیقات و نوآوری فجر,18 - 25 میلیون تومان,بابل,شنبه تا پنجشنبه 9 تا 17,قراردادی / پروژه ای,,['Python\n|\nمتوسط']
2025-04-07,BI Developer,پرشین تجارت پاشا (زیرمجموعه هلدینگ بیژن),an argumant,تهران ، آرژانتین,شنبه تا چهارشنبه 8:30 الی 17 - پنجشنبه‌ 8:30 الی 12:30,تمام وقت,,"['Python\n|\nمتوسط', 'PowerBI\n|\nپیشرفته', 'T-Sql\n|\nپیشرفته', 'SSIS\n|\nمتوسط', 'SSAS\n|\nمتوسط', 'Microsoft Word\n|\nمتوسط', 'Microsoft Excel\n|\nمتوسط']"
2025-03-06,مهندس کامپیوتر (تحلیل داده),شرکت کیمیانشان پایا,an argumant,تهران ، جردن,شنبه تا چهارشنبه,تمام وقت,,"['کارشناسی\n|\nکامپیوتر / فناوری اطلاعات', 'انگلیسی\n|\nمتوسط ۵۰٪', 'Sql Server\n|\nمتوسط', 'Microsoft Excel\n|\nمتوسط', 'Tableau\n|\nمتوسط', 'PowerBI\n|\nمتوسط']"
2025-03-17,مهندس امنیت هوش مصنوعی (AI Security Engineer),هوشمند تدبیر دیاکو,an argumant,تهران ، حسین آباد - مبارک آباد,شنبه تا چهارشنبه ساعت 8 الی 17,تمام وقت,,[]
2025-04-30,Oracle Database Administrator (DBA),پرداخت الکترونیک پاسارگاد,an argumant,تهران ، سعادت آباد,شنبه تا چهارشنبه 7:30 الی 16:30,تمام وقت,,"['Linux\n|\nمتوسط', 'Oracle Database\n|\nپیشرفته']"
2025-04-09,کارشناس خزش وب (پیش‌پردازش داده‌های متنی),دانشکده مهندسی کامپیوتر - دانشگاه صنعتی امیرکبیر,an argumant,تهران ، حافظ,شنبه تا چهارشنبه - 9 ساعت در بازه 8 تا 20,تمام وقت,,"['کارشناسی\n|\nکامپیوتر / فناوری اطلاعات', 'Python\n|\nمقدماتی', 'GIT\n|\nمتوسط']"
2025-03-05,senior data analyst,داریا همراه پایتخت,an argumant,تهران ، پارک وی,Sat to Wed From 10 to 18,Full Time,,[]
2025-03-05,کارشناس مهندسی داده (بصری سازی),شرکت داده و اعتبار سنجی تجارت ایرانیان (داتا),an argumant,تهران ، آرژانتین,شنبه تا چهارشنبه ساعت 8 تا 17,تمام وقت,,"['کارشناسی\n|\nکامپیوتر / فناوری اطلاعات', 'انگلیسی\n|\nبالاتر از متوسط ۷۰٪', 'PL-SQL\n|\nمتوسط', 'PowerBI\n|\nمتوسط', 'ODI\n|\nمتوسط', 'Oracle BI\n|\nمتوسط', 'Linux\n|\nمتوسط', 'GIT\n|\nمقدماتی']"
2025-03-15,کارشناس آمار زیستی,ارکید فارمد,an argumant,تهران ، یوسف اباد,شنبه تا چهارشنبه,تمام وقت,,"['کارشناسی ارشد\n|\nریاضی و آمار', 'Stata\n|\nمتوسط', 'R\n|\nمتوسط']"
2025-03-08,کارشناس هوش مصنوعی (AI Specialist),هوشمند تدبیر دیاکو,an argumant,تهران ، حسین آباد - مبارک آباد,شنبه تا چهارشنبه ساعت 8 الی 17,تمام وقت,,[]
2025-03-11,کارشناس اوسینت (OSINT) - خانم,موسسه توسعه فن آوری (وابسته به دانشگاه تهران),an argumant,تهران ، سیدخندان,شنبه تا چهارشنبه 8 الی 16,تمام وقت,,"['انگلیسی\n|\nمتوسط ۵۰٪', 'Microsoft Word\n|\nمتوسط', 'Microsoft Excel\n|\nمتوسط']"
2025-03-29,کارشناس PMIS,هیربد نیرو,an argumant,تهران ، عباس آباد (بهشتی),شنبه تا چهارشنبه,تمام وقت یا پاره وقت,,['PowerBI\n|\nپیشرفته']
2025-04-30,SQL Server Database Administrator (DBA),پرداخت الکترونیک پاسارگاد,an argumant,تهران ، سعادت آباد,شنبه تا چهارشنبه 7:30 الی 16:30,تمام وقت,,['SSIS\n|\nمتوسط']
2025-03-05,BI Developer,داریا همراه پایتخت,an argumant,تهران ، پارک وی,Sat to Wed From 10 to 18,Full Time,,"['MySql\n|\nIntermediate', 'PostgreSql\n|\nIntermediate', 'Python\n|\nAdvanced', 'MongoDB\n|\nIntermediate']"
2025-05-04,Data Scientist,فناوران اطلاعات خبره,an argumant,تهران ، گاندی,شنبه تا چهارشنبه، 8 الی 17 (با نیم ساعت شناوری),تمام وقت یا پاره وقت,امکان دورکاری,['کارشناسی\n|\nکامپیوتر / فناوری اطلاعات']
2025-05-04,کارشناس ارشد MLOps,فناوران اطلاعات خبره,an argumant,تهران ، گاندی,شنبه تا چهارشنبه، ساعت 8 الی 17 (با نیم ساعت شناوری),تمام وقت یا پاره وقت,امکان دورکاری,"['کارشناسی\n|\nکامپیوتر / فناوری اطلاعات', 'Python\n|\nپیشرفته']"
